source,level 1,level 2,level 3
Россиянка Елена Максимова одержала победу в международном конкурсе «Миссис Вселенная».,"Россиянка Елена Максимова выиграла конкурс ""Миссис Вселенная"".","Елена Максимова из России стала победительницей конкурса ""Миссис Вселенная"".",Россиянка Елена Максимова выиграла конкурс.
"Представительница России впервые завоевала этот титул, сообщает ТАСС со ссылкой на организаторов конкурса.",Россиянка впервые получила эту награду,Россиянка-first выиграла эту награду.,Россиянка победила впервые.
"Уточняется, что финал прошел в Софии 4 февраля.",Финал состоялся 4 февраля в городе София.,Финал прошел 4 февраля в Софии.,Финал прошел 4 февраля в Софии.
"Участие в нем принимали 120 женщин из разных стран – Китая, Таиланда, Филиппин, Японии, Индии, Белоруссии, Украины, Германии, Испании, США и других.",В этом мероприятии приняли участие 120 женщин из различных стран.,В этом мероприятии приняли участие 120 женщин из разных стран.,Женщины из разных стран участвовали в событии.
"«Конкуренция на конкурсе была очень жесткая: рекордное число участниц, и все из них достойны победы.","«Конкурс был очень трудным: много участниц, и каждая заслуживает победы.","«Конкурс был очень сложным: много участниц, но все они хороши.","«Конкурс был сложным: много участниц, все хорошие."
"Для меня большая честь представлять страну на таком серьезном конкурсе, и я очень рада, что возвращаюсь с победой.",Я счастлива представлять нашу страну на этом конкурсе и возвращаться с победой.,Я горда представлять нашу страну на этом конкурсе,Меня привели на конкурс
"Особенно приятно быть первой участницей, которая принесла России победу», – рассказала Максимова.","Максимова сказала: ""Я была первой, кто принёс России победу.""","Максимова сказала, что это особенное чувство быть первой и принести Росси victoriyu.","Максимова сказала: ""Я была первым, кто помог Россию выиграть."""
"США в декабре 2022 года увеличили экспорт в Россию до 112,8 миллиона долларов с ноябрьских 62,6 миллиона долларов, а импорт из России – до 638,4 миллиона долларов с 594,3 миллиона долларов, свидетельствуют данные американской статистики.","В декабре 2022 года США увеличили экспорт в Россию до 112,8 миллионов долларов","В США в декабре 2022 года было больше экспорта в Россию - 112,8 миллионов долларов",В декабре 2022 года США увеличили экспорт в Россию
"Тем не менее в условиях антироссийских санкций, которые США продолжают вводить из-за конфликта на Украине, товарооборот был в разы ниже показателей декабря 2021 года.",В результате российско-американских санкций торговый оборот между странами упал,"Несмотря на санкции США против России из-за украинского конфликта, торговый обмен был сильно меньше декабрьских показателей 2021 года.",Товарооборот с США низкий
"Как сообщила РБК управляющий партнёр компании «Метриум» Надежда Коркка, в границах старой Москвы минимальная стоимость квартиры составляет 5 млн 200 тысяч рублей, за такие деньги можно купить жильё в Западном Дегунине.","Управляющая партнёр компании «Метриум» Надежда Коркка рассказала, что минимальная цена на квартиру в старой части Москвы составляет 5 млн 200 тысяч рублей","Надежда Коркка из «Метриум» говорит, что самая дешевая квартира в старой Москве стоит 5 млн 200 тысяч рублей.","Минимальная цена на квартиру в старой части Москвы составляет 5,2 миллиона рублей."
"Федеральный бюджет РФ в январе, по предварительным данным, исполнен с дефицитом 1,776 трлн рублей, что в 14 раз превысило его объем в январе прошлого года (125 млрд рублей) и составило 60% от планов на 2023 год (2,925 трлн рублей), следует из данных Минфина, опубликованных на сайте.","Бюджет России за январь выполнен с дефицитом в 1,776 триллионов рублей","Бюджет России в январе исполнен с дефицитом в 1,776 трлн рублей",Бюджет России в январе дефицитный
"Доходы в январе сложились в размере 1,356 трлн рублей, что на 35% меньше объема поступления доходов годом ранее.","Доходы в начале года составили 1,356 трлн рублей","В январе получено 1,356 трлн рублей","Доход за январь - 1,356 трлн рублей"
"При этом нефтегазовые доходы составили 426 млрд рублей, сократившись к январю 2022 года на 46%.",Нефтегазовые доходы за этот период составили 426 млрд рублей,Нефтегазовые доходы составили 426 трлн рублей,Нефтяные деньги - 426 трлн руб
"Это, как отмечает Минфин, связано в первую очередь со снижением котировок цен на нефть марки Urals и сокращением объемов экспорта природного газа.",В России цены на нефть и газ упали из-за низких мировых цен.,Снижение цен на нефть и газ связано с изменением рыночных цен.,Снижение цены на нефть.
"Вице-премьер Александр Новак заявил, что Россия в марте добровольно сократит добычу нефти на 500 тыс. баррелей в сутки.","Вице-премьер Александр Новак сказал, что Россия в марте уменьшит производство нефти на 500 тысяч баррелей в день добровольно.","Вице-премьер Александр Новак сказал, что Россия в марте добровольно уменьшит нефтяное производство на 500 тысяч баррелей в день.","Александр Новак говорит, что Россия уменьшит нефть."
"Страна не будет продавать нефть тем, кто прямо или косвенно придерживается потолка цен.","Страна не будет продавать нефть тем, кто поддерживает ограничение цены.","Страна не станет продавать нефть тем, кто поддерживает ограничение цен на нефть.","Нефть не продается тех, кто установил цену."
"Дальнейшие решения о добыче нефти будут приниматься с учетом складывающейся на рынке ситуации, добавил господин Новак.",Будущие решения о нефтяной добыче будут зависеть от текущей ситуации на рынке.,Будущие решения по нефтяному делу будут зависеть от текущей экономической обстановки.,Будет учитываться рыночная ситуация.
"«На сегодняшний день мы полностью реализовываем весь объем производимой нефти, однако, как и было заявлено раньше, мы не будем продавать нефть тем, кто прямо или косвенно придерживается принципов ценового потолка.",«Мы сейчас полностью использруем всю производимую нами нефть,«Мы уже сейчас добиваемся максимального использования нашей добытой нефти,Мы производим все нефть
"В связи с этим Россия в марте добровольно сократит добычу на 500 тыс. баррелей в сутки», – передает пресс-служба правительства слова вице-премьера.",Россия в марте добровольно сократит нефтедобычу на 500 тысяч баррелей в день.,Россия в марте уменьшит добычу нефти на 500 тысяч баррелей в день.,Россия сократит нефть.
"По его мнению, это решение будет способствовать восстановлению рыночных отношений.","По его мнению, это решение поможет улучшить отношения на рынке.","Его мнение такое: решив эту проблему, рынок начнет работать лучше.",Его идея - улучшить торговлю.
Аукционный дом «Литфонд» выставил на торги посмертную маску Николая Гоголя.,"Аукционный дом ""Литфонд"" продает посмертную маску писателя Николая Гоголя.","Аукционный дом ""Литфонд"" продает маску для лица писателя Николая Гоголя.",Аукцион - посмертная маска Николая Гоголя.
Начальная стоимость составляет 250 тысяч рублей.,Стоимость начала проекта равна 250 тысячам рублей.,Стоимость начала составляется 250 тысяч рублей.,Старая цена равна 250 тысячам рублей.
Торги пройдут на площадке аукционного дома 9 февраля.,Торги пройдут на площадке аукционного дома 9 февраля,Торги будут 9 февраля в аукционном доме.,Торги будут 9 февраля.
Маску посмертно снял скульптор Николай Рамазанов через несколько часов после смерти писателя.,"Скульптор Николай Рамазанов создал портрет писателя, который был установлен после его смерти.",Скульптор Николай Рамазанов снял маску у покойного писателя.,Скульптор снял маску с писателя.
"Сообщается, что лот обладает коллекционной ценностью музейного уровня.","Лот имеет большую коллекционную стоимость, соответствующую музею.",Лот стоит какCollector's Value - museum level.,Лот ценный
Наколай Гоголь умер 4 марта 1852 года.,Наколай Гоголь умер 4 марта 1852 года,Наколай Гоголь умер 4 марта 1852 года.,Наколай Гоголь умер в 1852 году.
В Краснодаре 26 февраля пройдет фестиваль жестовой песни «Кубанская душа».,В Краснодаре на 26 февраля запланирован фестиваль «Кубанская душа».,В Краснодаре будет фестиваль кубанской музыки.,В Краснодаре есть музыкальный фестиваль.
Мероприятие организуют на грант администрации Краснодарского края.,Событие финансируется за счет гранта от власти Краснодарского края.,Событие получит финансирование от правительства Краснодарского края.,Событие оплачено правительством.
Событие приурочили ко Дню защитника Отечества.,Событие связали с Днем защитника Отечества.,Событие связано с Днем защитника Отечества.,Событие - к Дню Защитников.
"Слышашие и глухие артисты исполнят военные и патриотические песни, а также гимны Российской Федерации и Кубани.","Артисты исполнят военные и патриотические песни, включая гимны России и Кубани.",Глухие и слышащие артисты споют военные и любящие Родину песни.,Музыканты поют патриотические песни.
"Для посетителей фестиваля откроют интерактивные площадки, организуют экскурсию по Краснодару и концерт в театре «Мюзик-холл».",Для гостей фестиваля будут доступны интересные площадки для участия,Для гостей фестиваля есть интересное,Посетители фестиваля видят площадки
Для участия необходимо пройти регистрацию до 10 февраля на сайте администрации края.,"Чтобы принять участие, нужно зарегистрироваться до 10 февраля на сайте управления областью.",Нужно зарегистрироваться до 10 февраля на сайте местной власти.,Нужно зарегестрироваться
"Фестиваль «Кубанская душа» организован Центром молодежных инициатив, организацией «Регион 93», Кубанским союзом молодежи и Краснодарским отделением Всероссийского общества глухих.","Фестиваль ""Кубанская душа"" организован Центром молодежных инициатив, группой ""Регион 93"", Кубанским союзом молодежи и Краснодарским отделением Всероссийского общества глухих.","Фестиваль «Кубанская душа» – совместная акция Центра молодежных инициатив, организации «Регион 93», Кубанского союза молодежи и Краснодарского отделения Всероссийского общества глухих.","Фестиваль ""Кубанская душа"" - организован молодыми людьми."
Скончался актер Сергей Столяров.,Умер актер Сергей Столяров.,Умер актер Сергей Столяров.,Умер актер Сергей Столяров.
Представитель актерской династии Столяровых умер на 63-м году жизни 7 февраля.,Актер из знаменитой семьи Столяровых скончался в возрасте 57 лет,Актер Столяров умер в возрасте 63 года.,Умер актер из знаменитой семьи.
О кончине артиста пишет «Кино-Театр».,"Новость о смерти актёра опубликовала газета ""Кино-Театр"".",Умер известный артист,Умер известный артист.
"Сергей Столяров известен по ролям в фильмах «Завтра была война», «Следствие ведут знатоки», «Возвращение».","Сергей Столяров сыграл в фильмах ""Завтра была война"", ""Следствие ведут знатоки"" и ""Возвращение"".","Сергей Столяров играет в фильмах ""Завтра была война"", ""Следствие ведут знатоки"", и ""Возвращение"".",Сергей Столяров сыграл в кино.
Всего Столяров снялся в 11 кинофильмах.,Столяров появился в 11 фильмах.,Столяров снялся в 11 фильмах.,Столяров снялся в 11 фильмах.
"Сергей Столяров окончил Высшее театральное училище имени М.С.Щепкина, служил в Театре советской армии.",Сергей Столяров изучал актёрское искусство в Высшем театральном училище и работал в Театре советской армии.,Сергей Столяров закончил театральное училище и работал в армейском театре.,Сергей Столяров учился в театральном училище
"Участвовал в создании телепроектов «Детский час», «Архипелаг», «Взгляд», «Телескоп», занимал должность главного продюсера детского и юношеского вещания канала «ТВ Центр», генерального продюсера образовательного канала «Школьник ТВ».",Участвовал в создании телепроектов,Участвовал в создании телепроектов,Участвовал в создании телепроектов
"Сергей Столяров – внук знаменитого актера Сергея Столярова, сын актера Кирилла Столярова.",Сергей Столяров - он есть внук известного актера и сын актера.,Сергей Столяров – внук известного актера,Сергей Столяров - внук известного актера.
"Исторический музей провел реэкспозицию Золотой кладовой, передает пресс-служба Министерства культуры России.",Музей проводил переустройство Золотого сундука.,Музей сделал изменение в экспозиции «Золотая кладовая».,"Музей сделал новый выставочный проект ""Золотая кладовая""."
Работы проведены ко дню рождения музея.,Перед днём рождения музей закончил работы.,Работы завершены к дню рождения музея.,Работы сделаны к юбилею музея.
В основу выставки легли предметы из отдела драгоценных металлов Исторического музея.,В выставку вошли вещи из музея из раздела драгоценных металлов.,"В экспозицию вошли вещи из музейного фонда, связанные с драгоценными металлами.",Есть экспозиция с золотом и драгоценными камнями.
"По словам директора музея Алексея Левыкина, коллекция на сегодняшний день насчитывает более 30 тысяч предметов.",Коллекция в музее составляет более 30 тысячи предметов.,"Директор музея Алексей Левыкин говорит, что у них сейчас около 30 000 вещей.",Коллекция музея большая
"«Новая экспозиция Золотой кладовой – это прекрасный шанс для посетителей увидеть часть этого великолепного собрания, среди которого представлены лучшие работы русских и зарубежных ювелиров», – рассказал руководитель.",«Новая экспозиция Золотой кладовой теперь дает возможность гостям увидеть некоторые части этой замечательной коллекции,"""Новая экспозиция Золотой кладовой дает возможность посетителям увидеть часть этой замечательной коллекции","""Новая экспозиция - хороший момент, чтобы увидеть ценный коллекционный предмет."""
"В трех разделах Золотой кладовой представлены более 400 шедевров церковного искусства, мемориальных изделий, предметов роскоши и модного быта.",В Золотой кладовой есть три части,В трёх частях «Золотой кладовой» показано более 400 шедевров,В Золотой кладовой есть 400 хороших картин.
"Правительство внесло в Госдуму РФ законопроект о невозможности задержания, а также применения меры пресечения по истечении сроков давности, документ размещен в думской базе данных.",В России предложили запретить применять меры пресечения после снятия уголовного дела с учета,"В России готовят закон, который запретит полиции задерживать людей и применять меры пресечения после истечения срока давности.",В правительстве сделали законопроект
Соответствующие поправки вносятся в статью 91 («Основания задержания подозреваемого»).,"Изменения делаются в закон о том, когда можно держать человека под стражей.",Делаются изменения во внутренней части статьи 91.,Правки делают в закон.
"Согласно документу, лицо не может быть задержано по подозрению в совершении преступления, по которому истекли сроки давности уголовного преследования.","Лицо не может быть задержано, если срок давности преступления уже прошел.","Лицо не может быть задержанное, если срок давности истек.",Лицо не может быть задержано
"Как уточняется, проект закона не распространяется на случаи, когда лицо подозревается или обвиняется в совершении преступления, наказуемого смертной казнью или пожизненным лишением свободы.","Проект закона не касается случаев, когда человек подозревается или виновен в серьезном преступлении.","Проект закона не касается случаев, когда человек подозревается или винoven в тяжком преступлении.",Проект закона - не для убийц.
Ранее ГД на пленарном заседании приняла закон об обязательном сборе геномной информации у всех осужденных и подозреваемых.,"Раньше парламент принял закон о том, что у всех, кто привлечен к уголовной ответственности, должна быть взята геномная информация.",Закон о сборах ДНК для заключенных и подследственных был утвержден в парламенте.,Закон о геномной информации.
"В 2022 году в Москве в ДТП погибли 300 человек, что в 2,5 раза меньше, чем в 2010 году, сообщил в своем Telegram-канале мэр столицы Сергей Собянин.",В 2022 году в Москве в авариях погибло 300 человек,В 2022 году в Москве в авариях погибло 300 человек,В 2022 году в Москве в аварии умерли 300 человек
"Согласно его сведениям, число аварий с пострадавшими, случившихся на московских дорогах, сократилось за 12 лет на 34%.",За 12 лет количество аварий с пострадавшими на московских улицах уменьшилось на 34%.,"По данным, число дорожных происшествий с пострадавшими в Москве уменьшилось на 34% за последние 12 лет.",Число аварий с людьми уменьшилось.
"«Москва остается лидером по безопасности дорожного движения в России», – отметил Собянин.","""Москва осталась городом с лучшей безопасностью на дорогах в России"", - сказал Собянин.","«Москва safest в стране для езды на машине», — сказал Собянин.","«Москва safest road city Russia», — сказал Собянин."
"По его словам, этому способствует комплексный подход к развитию транспортной системы столицы и взаимодействие властей города с ГИБДД.","По его мнению, развитие транспортной системы столицы улучшается благодаря комплексным мерам и сотрудничеству городских властей с дорожными инспекторами.","По его словам, развитие Москвы Depends от совместных действий городских властей и ГИБДД.",Этот комплексный подход помогает разрабатывать систему городского транспорта
"Токсикологи Филатовской больницы в Москве сохранили ногу трехлетнему мальчику, которого ужалила ядовитая медуза.",В московской больнице спасли ногу маленькому мальчику после укуса вредной медузы.,"В Москве в Филатовскую больницу привезли трехлетнего мальчика, которого ужалила ядовитая медуза",Токсикологи спасли ногу ребенку.
"Случай произошел еще в октябре 2022 года, однако в пресс-службе больницы рассказали о нем только сейчас.","В октябре прошлого года случился какой-то случай, но об этом известно только теперь.",В одной больнице был странный случай,Случай был в прошлом году но об этом знали только теперь.
Мальчик пострадал во время отдыха с родителями в Объединенных Арабских Эмиратах: во время купания в море его ужалила ядовитая медуза.,"Мальчика укусил ядовитый морской муравей, когда он играл на пляже.","Мальчик получил ранение, когда с родителями он отдыхал на пляже в Объединенных Арабских Эмиратах",Мальчик получил ранение
В месте соприкосновения сразу появился отек и сильный ожог.,В месте соприкосновения появились отек и сильный ожог.,В месте касания моментально образовался отек и серьезная жжение.,В месте сожжения появились отеки и ожоги.
"Родители мальчика обратились в местную клинику, однако состояние мальчика ухудшалось: поднялась температура, отек усилился, кровообращение в пальцах ухудшилось.",Мальчик оказался в больнице,Мальчик заболел очень серьезно,Родители заболевшего ребенка отправили его в больницу.
"На автомобильном заводе «Урал» в Миассе началась масштабная реконструкция, в ходе которой сносятся исторические цеха, построенные в 1940-х годах.","На заводе ""Урал"" в Миассе идет большая перестройка","На заводе ""Урал"" в Миассе идет большой ремонт","На завода ""Урал"" делают ремонт"
"На их месте построят современные быстровозводимые здания, сообщает Quto.",На место старых зданий построют новые быстровозводимые строения.,Будут построены новые быстрые дома вместо старых.,Сейчас будут построены новые дома.
"Под снос пойдут комплексы производственных и административных зданий, построенных вскоре после открытия автозавода, которые исчерпали свой ресурс.","Комплексы зданий, построенных давно, будут разобраны.","Сбудутся комплексы старых зданий, которые больше не нужны.",Будут разрушать старые здания.
Решение о строительстве автозавода в Миассе Челябинской области было принято осенью 1941 года.,В Миассе построили автомобильный завод в 1941 году.,Автозавод в Миассе построен согласно решению от осени 1941 года.,Завод в Миассе построили в 1941 году.
На Урал после начала Великой Отечественной войны эвакуировали оборудование моторного и литейного производств московского ЗИСа.,"После начала Великой Отечественной войны, на Урал было эвакуировано оборудование для производства машин (моторное производство) и литья (литейное производство)",После войны началась эвакуация с Урала оборудования для производства машин и металлургического оборудования.,"После войны, на Урал, перевезли машины и литье."
В дальнейшем там было организовано производство грузовиков.,Затем там началось производство грузовиков.,В будущем в том месте сделали фабрику по изготовлению грузовых машин.,Позже создали завод по сборке грузовых автомобилей.
Первый автомобиль ЗИС-5В сошел с конвейера завода летом 1944 года.,Первый ЗИС-5В с конвейера выпал в 1944 году.,Первый ЗИС-5В построили летом 1944 года.,Первый ЗИС-5В построили в 1944.
"На сайте ГУП «Петербургский метрополитен» 7 февраля сообщается, что специалисты планируют восстановить гидроизоляцию наклонного хода и заменить водоотводящие зонты.","На сайте Петербургского метрополитена сообщают, что в феврале 2023 года будут восстановлены наклонный ход и водоотводящие системы.","На сайте Санкт-Петербургского метрополитена 7 февраля говорится о том, что сотрудники намерены отремонтировать крышу входа в подземное пространство и установить новые трубы, чтобы вода не заливалась.",На сайте метро
"В числе задач также ремонт эскалаторов, замена внутренних систем и коммуникаций, облицовки стен и напольного покрытия.",Одной из проблем является ремонт эскалаторов,Задачи включают ремонт эскалаторов,Отремонтируем эскалаторы
"На время работ изменятся трассы следования и усилится движение автобусов № 30, 131, 271, 169, 77, 92, 222, а также трамвая № 39.",В это время из-за строительства будут изменены маршруты общественного транспорта,Во время работ трассы некоторых маршрутов изменятся,"Во время ремонта будут изменимыся маршруты, и увеличится количество автобусов и трамвая."
Напоминаем о введении дополнительных временных автобусных маршрутов – № 24М и 27М.,Помним о появлении новых автобусных маршрутов - № 24М и 27М.,Поминаем: добавили новые автобусные маршруты - номера 24М и 27М.,Поменяли автобусные маршруты.
"Транспорт будет двигаться от площади Александра Невского по Заневскому проспекту до проспекта Косыгина, а затем по трассам маршрутов № 24 и № 27 до станций «Хасанская улица» и «Белорусская улица» соответственно.",Транспорт начнет движение от Александра Невского на Заневский проспект,Транспорт будет ехать от площади Александра Невского к проспекту Косыгина,Транспорт движется от Александра Невского
В обратную сторону – без остановок у станции «Новочеркасская».,"В обратном направлении поезд не останавливается в станцию ""Новочеркасская"".","В противоположную сторону - прямая поездка до станции ""Новочеркасская"".",В обратную сторону - прямая поездка до «Новочеркасской».
"Кроме того, запустят новый бесплатный трамвайный маршрут № 30 от станции метро «Ладожская» до площади Александра Невского.",В ближайшее время будет добавлен бесплатный трамвайный маршрут,Бесплатный трамвай будет ехать от Ладожской на площадь Александра Невского.,Ещё добавят новый трамвай
«Лента» планирует запустить новую сеть супермаркетов.,"""Лента"" собирается открыть новые магазины.","""Лента"" готовит открытие новых магазинов.",«Лента» создает новые магазины.
Об этом «РБК Петербург» сообщили в службе по связям с общественностью и государственными органами сети.,"О новостях ""РБК Петербург"" рассказали в пресс-службе.","Служба ""РБК Петербург"" рассказала о своем новостном издании через официальный контакт.",О новости рассказали представители сети.
Компания обратилась в Роспатент с просьбой зарегистрировать в Санкт-Петербурге новую торговую марку – «Лента Эконом».,Компания хочет зарегистрировать новую торговую марку - «Лента Эконом» - в Санкт-Петербурге.,Компания попросила Роспатент зарегистрировать в Петербурге новую бренд - «Лента Эконом».,Компания просит регистрировать новый логотип.
"«Регистрация нового товарного знака необходима для запуска пилота, который подразумевает переформатирование некоторых существующих гипермаркетов», – пояснили в «Ленте».",«Новая торговая марка нужна для запуска эксперимента с магазинами».,«Нам нужна регистрация новой торговой марки,«Новый товарный знак нужен для старта пилотной программы
"Гендиректор «Ленты» Владимир Сорокин, подводя итоги прошедшего года, заявлял, что покупатели в 2022 году переходили на более дешевые товары.","Гендиректор ""Ленты"" Владимир Сорокин говорил, что в 2022 году люди часто выбирали более дешевые вещи.","Директор компании ""Лента"" Владимир Сорокин сказал, что в 2022 году покупатели искали дешевые продукты.","Директор магазина ""Лента"" говорил, что люди buys cheaper things."
"«Мы расширили линейку товаров в более низких ценовых сегментах, активно работали с промо и персональными предложениями», – отметил Сорокин.",«Мы добавили новые товары по доступным ценам,«Мы увеличили количество товаров по более низким ценам,"""Мы продаем cheaper things."" – сказал Сорокин."
"В отчетности компании за четвертый квартал 2022 года говорится, что «покупатели «Ленты» склонны к приобретению товаров более низкого ценового сегмента, а также к сокращению расходов на крепкий алкоголь и непродовольственные товары».","В отчетности компании за 4-й квартал 2022 года говорится, что покупатели «Ленты» любят покупать товары дешёвых ценовых сегментов",В отчете компании за 2022 год написано: покупатели «Ленты» часто выбирают дорогих товарів.,"В отчетности компании за 2022 год говорится, что покупатели Ленты часто покупают дешевые товары."
ГИБДД в различных регионах России предупредила о проведении в ближайшие выходные масштабных рейдов по выявлению нетрезвых водителей и соблюдению ПДД пешеходами.,Полиция дорожной безопасности в разных частях страны предупреждает о проведении в ближайщие выходные больших проверок для обнаружения пьяных водителей и соблюдения правил дорожного движения пешеходами.,В России будут проводиться проверки на дорогах,"Полиция на дорогах напомнила, что будет проверять автомобилистов за управлением под воздействием алкоголя."
"В частности, такое мероприятие пройдет в Московской области, сообщается в Telegram-канале областной ГИБДД.","Мероприятия будет проводиться в Московской области, информация об этом размещена на Telegram-канале ГИБДД.",Мероприятие пройдет в Московской области.,Мероприятие будет в Подмосковье.
«Массовые проверки и рейды будут организованы для предупреждения случаев управления транспортом водителями в состоянии опьянения.,"«Для предотвращения водителей, управляющих транспортами под действием алкоголя, будут проводиться регулярные проверки и облавки».",«Будут организированы мероприятия по проверке водителей на предмет управления транспортным средством при алкогольном опьянении.,Проверки за рулем под воздействием алкоголя.
"Кроме того, инспекторы ДПС усилят контроль за водителями, которые нарушают правила проезда пешеходных переходов», – отмечается в сообщении ведомства.","Инспектора ДПС будут еще больше контролировать водителей, которые не соблюдают правила при проезде пешеходных переходов.","Инспекторы ДПС будут еще внимательнее наблюдать за водителями, которые не следуют правилам при использовании пешеходных переходов.",ДПС усилит контроль за нарушителями.
"Пресс-служба Роспотребнадзора сообщила, что в стране активизировалась пандемия COVID-19.","Служба новостей Роспотребнадзора сказала, что в нашей стране пандемия коронавируса COVID-19 начала распространяться быстрее.","Служба новостей Роспотребнадзора сообщает, что в стране снова участились случаи заболевания коронавирусом.",Пандемия активизируется.
"За неделю, по данным ведомства, показатель заболеваемости вырос почти на 33%.",За одну неделю заболеваемость увеличивалась almost на треть.,За неделю заболеваемость увеличилась примерно на треть.,За неделю заболеваемость подросла на 33%.
«На пятой неделе 2023 года в России зарегистрировано более 60 тыс. новых случаев.,"В начале пятидневной недели 2023 года, в России было обнаружено более 60 тысяч новых заражений.",В России за пять недель 2023 года зарегистрировано более шестидесяти тысяч новых случаев.,В России много заболевших.
"За последние сутки, по официальным данным, в России выявили 7615 случаев заражения коронавирусом, 43 человека умерли.",За последние сутки в России обнаружили 7615 новых случаев коронавируса,"В России за день выявлено 7,615 случаев коронавируса",За день выявлено 7615 случаев коронавируса
"Всего за пандемию было выявлено около 22 млн случаев COVID-19, скончались 395 тыс. человек.",За пандемией было обнаружено примерно 22 миллиона случаев COVID-19,За пандемию обнаружилось примерно 22 миллиона случаев COVID-19,За пандемию обнаружено 22 миллиона случаев COVID-19
Тем временем заболеваемость гриппом и ОРВИ в России за последнюю неделю выросла по сравнению с предыдущей на 11%.,За последнюю неделю заболеваемость гриппом и ОРВИ в России увеличилась на 11% по сравнению с прошлой неделей.,За неделю заболеваемость гриппом и ОРВИ в России увеличилась на 11%.,Заболеваемсть выросла.
Общее количество заболевших превысило 1 млн человек.,Более миллиона человек заразились.,"Количество людей, которые заразились, составило более миллиона.",Больных стало более миллиона.
"В центральной части Турции зафиксировали новое землетрясение магнитудой 7,7.","В Турции случилось сильное землетрясение с магнитудой 7,7.","В Турции произошло сильное землетрясение магнитудой 7,7.",В Турции произошло сильное землетрясение.
Об этом сообщили в европейско-средиземноморском сейсмологическом центре.,"В европейско-средиземноморском сейсмологическом центре заявили о том, что произошло.",Об этой информации сообщил европейско-средиземноморский сейсмологический центр.,О消息е - из европейско-средиземноморского центра за сейсмическими данными.
"Подземные толчки ощущались в Анкаре, Диярбакыре, Адане, Кахраманмараше, Шанлыурфе, Малатье, передает ТАСС.","В Турции после взрыва в Стамбуле подземные толчки ощущались в городах Анкара, Диярбакыр и некоторых других.",В городах Турции после взрыва произошли подземные толчки.,В Анкаре и других городах Turkey было сильное землетрясение.
Новое землетрясение произошло и в Сирии.,Новое землетрясение также было в Сирии.,Еще одно землетрясение случилось в Сирии.,Землетрясение было в Сирии.
"По данным агентства SANA, подземные толчки ощущаются в Дамаске, Латакии и других районах страны.","Подземные толчки ощущаются в Дамаске, Латакии и других местах.","По данным SANA, подземные толчки есть в Дамаске, Латакии.",В Дамаске есть землетрясения.
"Президент Турции Реджеп Тайип Эрдоган ранее сообщил, что количество погибших в результате землетрясения в Турции достигло 912 человек, более 5,3 тыс. пострадали.","Президент Турции Реджеп Тайип Эрдоган сообщил, что после землетрясения в Турции погибли 912 человек и более 5300 пострадали.","Президент Турции Реджеп Тайип Эрдоган сказал, что от землетрясения погибли 912 человек","Президент Турции объявил: 912 человек умерли, 5300 пострадали."
Данное землетрясение стало крупнейшим стихийным бедствием с 1939 года.,Эта земля тряскалась самым сильным разливом с 1939 года.,Этот разрушительный землетрясень было самой сильной стихией за 82 года.,Было большое землетрясение.
В Сирии в результате природного катаклизма погибли 326 человек.,В Сирии из-за сильной стихийной бедствия умерли 326 человек.,В Сирии от стихийного бедствия умерло 326 человек.,В Сирии случилось бедствие: умерло 326 человек.
"Помимо многочисленных жертв, в Турции обрушилась историческая крепость в провинции Газиантеп, внесенная в список всемирного наследия ЮНЕСКО.",В Турции случилось несчастное событие,В Турции упала старая крепость,"Кроме жертв, рухнул замок в Турции."
"Цитадель в сирийском городе Алеппо получила повреждения, сообщает «Бизнес Online».","В Сирии, в Алеппо, была поврежденная цитадель.",В Сирии цитадель в Алеппо пострадал.,Алеппо получила ущерб.
"В Министерстве объединения Республики Корея после консультаций разработают новый средне- и долгосрочный планы воссоединения с КНДР, передает ТАСС.",В Министерстве объединения Южной Кореи после консультаций создадут новый средне- и долгосрочный план для воссоединения с Северной Кореей.,Министерство Южной Кореи разрабатывает новый план для воссоединения с Северной Кореей.,Министерство составит план
О намерении разработать план в министерстве сообщили в докладе с целями на 2023 год.,"В министерстве сообщили о том, что они хотят создать план",В министерстве будет разработан план для 2023 года.,В министерстве будет готовить план.
Документ получит название «Новая инициатива будущего по объединению».,"Документ назовут ""Новая инициатива будущего""","Документ будет называться ""Новая инициатива"".",Документ - новая инициатива для будущего.
Разработке плана будет предшествовать общественная дискуссия.,Сначала будет проводиться обсуждение с участием общества,До разработки плана пройдет обсуждение с общественностью.,"Будет обсуждение, затем план."
"Основой инициативы будут универсальные ценности: свобода, права человека, открытость и коммуникация.","Базовые принципы этой инициативы: свобода, права человека, общая доступность информации и понимание между людьми.","Основой инициативы являются важные ценности: свобода, человеческие права.","Основой - свобода, права человека."
"Подчеркивается, что объединение будет носить мирный, демократический характер.",Объединение будет иметь мирный и демократический характер.,Союз будет мирным и демократическим.,Будет мирное объединение.
Налаживание отношений между Сеулом и Пхеньяном предлагается реализовывать через прямые и косвенные контакты в рамках международных и общественных организаций.,Установление связей между Сеулом и Пхеньяном можно было бы реализовать посредством прямых и опосредованных контактов с учетом участия международных и общественных организаций.,Нам нужно улучшать отношения между Южной Кореей и Северной Кореей,Установление мира между Южной Кореей и Северной Кореей должно происходить с помощью прямых и косвенных связей.
В Москве и Московской области объявили желтый уровень погодной опасности в связи с гололедицей.,В Москве и Подмосковье объявлен желтый уровень погодной опасности из-за гололедицы.,В Москве и Подмосковье установлена жёлтая метеопредупреждение из-за гололёда.,В Москве - гололед.
"«Желтый – погода потенциально опасна», – поясняется на сайте Гидрометцентра.",«Желтый – предупреждение о потенциально опасной погоде».,"«Желтый – сигнал потенциальной опасности», – объяснено на сайте центрального метеорологического ведомства.",Жёлтая - опасная погода.
"Согласно прогнозам синоптиков, гололедица возможна местами по столице и региону 27-28 января.",Гололед может образоваться в некоторых местах Москвы и области с 27 по 28 января.,"По прогнозам синоптиков, утренняя ледяная занесенность может быть местами по Москве и области 27-28 января.",Гололедица возможна в городе и области.
"Напомним, днем в пятницу в Москве ожидается небольшой снег при температуре воздуха от 0 до минус 2 градусов Цельсия.",В пятницу в Москве может выпасть небольшой снег.Temperature воздуха будет находиться между 0 и -2 градусами по Цельсию.,В пятницу в Москве прогнозируется небольшой снег при температуре воздуха от нуля до минус двух градусов.,Ожидается снег.
В ночь на субботу в столице может похолодать до минус 6 градусов.,В ночь на субботу в Москве может стать холодно до -6 градусов.,В субботу может быть морозно до минус 6 градусов.,В ночь на субботу - минус шесть градусов.
"По сведениям метеорологов, в Москве и Московской области в ближайшие три дня ожидается слабо морозная погода, преимущественно без осадков.",В ближайшие три дня в Москве и области будет слабо морозная погода с незначительными осадками.,В Москве и Подмосковье за три дня будет холодно и сухо.,В Москве будет морозно.
"«Благодаря прошедшей теплой погоде значительно уменьшился снежный покров, а в западных областях от него не осталось и следа» – сказано на сайте Гидрометцентра.","""Поскольку недавно была теплая погода, слой снега сильно уменьшился",После теплой погоды снег почти полностью растаял.,Теплая погода сделала мало снега.
"Однако в конце рабочей недели, 28 и 29 января, синоптики прогнозируют небольшое похолодание – всего на пару градусов.","В выходные, 28-29 января, ожидается небольшие морозы.","В выходные, 28-29 января, будет чуть холоднее.",В выходные чуть холоднее.
"Так, в понедельник днем в Москве и Подмосковье за окном -3..-1 °C, а в выходные уже -6..-1 °C.",В понедельник днем температура в Москве и Подмосковье была минус 3 до минус 1 градуса,В Москве и Подмосковье холодно,В Москве холодно
"«Небольшой снег, местами умеренный, гололедица», – говорится в сообщении.","«Снег был небольшим, местами он был умеренным, и была также гололедица».","«Снега немного, местами среднего размера и ледяного покрова».",Мало снега и ледяная дорога.
Днём температура воздуха в городе составит от минус двух до нуля градусов.,В день в городе будет около 0°C.,В городе днём будет -2 до 0 градусов тепла.,В городе днём будет холодно
Ветер юго-западный и западный со скоростью от четырёх до девяти метров в секунду.,Ветер юго-западный и западный дует со скоростью 4-9 метров в секунду.,"Ветер пришел с юга, его скорость 4-9 метра в секунду.",Ветер юго-западный и западный
Атмосферное давление – 751 миллиметр ртутного столба.,Давление воздуха - 751 миллиметр ртутного столба.,Воздушная давка – 751 мм рт,Давление в воздухе - 751 мм рт
"В ночь на субботу в столице также ожидается облачная погода, небольшой снег, гололедица.","В субботу в Москве будет облачно, возможен небольшой снег и гололедица.","В субботу в Москве будет облачно, slight snow and black ice.",В ночь на субботу будет облако и снег.
Температура воздуха составит от шести до четырёх градусов мороза.,Температура воздуха будет от 6 до 4 градуса мороза.,Температура будет от 6 до 4 градуса мороза.,Температура холодная.
Ветер переменных направлений со скоростью от двух до семи метров в секунду.,Ветер меняет направление и движется с скоростью 2-7 м/с.,Ветер меняет направление,Ветер меняет направление
"Напомним, ведущий специалист центра погоды «Фобос» Евгений Тишковец рассказал, что в феврале в Москве прогнозируется мягкий температурный фон на три градуса выше нормы.","В Московском центре «Фобос» говорят, что в феврале в городе ожидается норма температуры воздуха, которая будет на 3 градуса выше нормального значения.",В Москве в феврале будет мягкая температура,В феврале в Москве будет тепло.
"Кроме того, синоптик заявил, что 30 и 31 января в российской столице прогнозируются снегопады.","Синоптик предупредил, что 30 и 31 января в Москве ожидаются сильные снегопады.","Еще синоптик сказал, что 30 и 31 января в Москве будет снег.",В Москве будут снегопады.
"В ближайшие три дня в Ленинградской области местами возможны порывы ветра до 15-17 метров в секунду, на дорогах местами гололедица.",В ближайшие три дня в Ленинградской области могут быть сильные ветры и местами гололед.,В следующие три дня в Ленинградской области возможно сильный ветер и гололедные заносы.,"Ближайшие три дня: сильный ветер, гололедные дороги."
"Синоптики рассказали об аномальной жаре, которая должна прийти во Владивосток в целом более чем на две недели.",Синоптики предупреждают о приближающейся аномальной жаре,В Владивостоке ожидается сильная аномальная жара.,В Владивостоке будет жара.
"Погода будет просто потрясающе теплой, ведь температура воздуха будет превышать норму на порядок, сообщает PRIMPRESS.","Погода будет очень тёплая, потому что воздух будет гораздо теплее обычного.",Погоде ожидается быть очень тёплой,Погода будет очень теплая.
"Как рассказали специалисты метеорологического портала Gismeteo, радикальное тепло должно прийти в столицу Дальнего Востока уже через несколько недель.","Специалисты из Gismeteo говорят, что на Дальний Восток придет сильное тепло уже скоро.",Специалисты из Gismeteo предсказывают теплую зиму в столице на Дальнем Востоке.,Вокруг Дальнего Востока будет жарко.
Первые ласточки будут зафиксированы в городе уже в конце февраля.,Первые весенние птицы появятся в городе к концу февраля.,Первые ласточки появятся в городе в конце февраля.,Первые ласточки появятся в конце февраля.
Температура воздуха к этому моменту повысится до плюс одного градуса.,Воздушная температура к тому времени будет на один градус выше нуля.,Воздух будет теплым и будет +1 градус.,Воздух станет теплым.
А период очень сильного тепла метеорологи обещают в краевом центре начиная с 28 февраля.,В регионе с 28 февраля ждут жару.,Ожидается сильное тепло с 28 февраля.,Теплый период будетsoon в регионе с 28 февраля.
"В период с 28 февраля по 7 марта включительно температура в столице края будет составлять плюс 4-5 градусов, а 5 марта ожидается и вовсе плюс шесть.","С 28 февраля по 7 марта в городе будет теплая погода.Temperature в столице будет на +4-5°C, а 5 марта ожидается температура до +6°C.","С 28 февраля по 7 марта, температура в городе будет +4-5 градусов",Температура в городе будет +4-5.
Далее в прогнозе ожидается небольшой перерыв и понижение температуры до плюс одного – минус одного.,Затем в прогнозе ожидается небольшое похолодание.,Затем температура немного упадет.,Ожидается небольшой перерыв
"Но с 14 марта синоптики прогнозируют резкий взлет показателей сначала до плюс 5, потом до плюс 8 градусов, а потом и вовсе до плюс 10 на пике 16 марта.","С 14 марта ожидается повышение температуры сначала до +5, затем до +8 градусов, а на пике 16 марта - даже до +10.",С 14 марта погода станет теплее,С 14 марта будет тепло
А в целом потрясающе теплая погода должна продержаться в городе в течение 13 дней.,"В городе ожидается теплая погода, которая продлится 13 дней.",Погодная ситуация очень хорошая,Погода очень теплая
"По словам специалистов, такая температура будет невероятно высокой для данного периода времени.","Специалисты говорят, что такая температура будет очень высокая для этой поры года.","Специалисты говорят, что температура будет очень высокой в данный период.",Такая температура будет очень высока.
"Обычно в конце февраля или в начале марта во Владивостоке столбики термометров показывают минус 2-3 градуса, а в целом первый весенний месяц еще удивляет сильными снегопадами.",В Владивостоке обычно холодно после Нового года,В конце зимы во Владивостоке часто бывают холодные дни,Весной в Владивостоке бывает холодно.
"Но, судя по всему, в этом году все будет совсем по-другому.",Но это год - и все будет совсем другой.,В этом году все изменится.,В этом году все изменится.
С учетом глобальных изменений климата в это верится достаточно сильно.,Из-за изменения климата сейчас многое изменилось.,Из-за изменения климата мир стал очень опасным.,Климат очень плохо меняется.
"В центральной части Турции произошло землетрясение магнитудой 7,7, об этом сообщает Европейско-Средиземноморский сейсмологический центр (EMSC).","В Турции случилось сильное землетрясение с силой в 7,7 балла",В Турции случилось сильное землетрясение,В Турции произошел сильный землетрясение.
"По данным экспертов, эпицентр мощных подземных толчков находился в 26 километрах от города Газиантеп, в котором живут около 1,065 миллиона человек.",Мощные подземные толчки произошли близко к городу Газиантеп,"Эксперты сказали, что сильные землетрясения начались рядом с Газиантепом",Эксперты нашли источник сильных землетрясений
"Специалисты добавили, что очаг залегал на глубине 10 километров.",Очаг находился на глубине 10 километров.,"Очаг был глубоко под землей, на глубине 10 километров.",Очаг находился глубоко под землей.
"При этом подземные толчки ощущали жители нескольких регионов, в том числе Анкары.",Натиск природных катаклизмов не ограничивается лишь одной страной - Турцией,Жители некоторых городов почувствовали сильный землетрясение,Народ несколько мест чувствовал землетрясение.
"Информации о погибших, пострадавших или разрушениях на данный момент нет.","Пока нет информации о погибших, травмированных и разрушенных объектах.",По потерям и разрушениям пока нет никакой информации.,Нет информации о жертвах и разрушениях.
"Реконструкцию исторического события времен блокады Ленинграда провели на Финляндском вокзале 7 февраля, сообщили «Невские новости».",На Финляндском вокзале 7 февраля реконструировали историческое событие из времен блокады Ленинграда.,На Финляндском вокзале реконструировали важное событие из блокадного времени,Провели реконструкцию блокады
7 февраля 1943 года в Ленинград пришел грузовой поезд с 800 тоннами продовольствия.,В феврале 1943 года в Ленинград прибыл поезд со столько же 800 тоннами еды.,В феврале 1943 года в Ленинград пришло много еды.,В феврале 1943 года в Ленинград arrived cargo train with 800 tons of food.
Состав прошел по линии Шлиссельбург – Поляны.,Состав прошел от Шлиссельбурга до Полян.,Поездка состава прошла по дороге Шлиссельбург-Поляны.,Маршрут проходит.
Железную дорогу возвели в кратчайшие сроки – за 17 дней.,Железную дорогу построили за 17 дней.,Железную дорогу построили за 17 дней.,Железную дорогу построили быстро.
В честь 80-летия этого события в Петербурге прошло театрализованное представление.,"В Петербурге состоялось театрализованное представление, посвященное 80-летию известного события.",В Питере был спектакль из-за юбилея важного случая.,В Петербурге проводили праздник.
Паровоз ЭУ доставил на Финляндский вокзал исторический состав: вагоны-теплушки начала XX века и вагоны для пассажиров 1930-х годов.,Паровоз ЭУ доставил на Финляндский вокзал старые поезда,Паровоз ЭУ принес исторические поезда на Финляндский вокзал,Паровоз привел старые поезда на вокзал.
Также посетители могли увидеть паровоз Ов 324 1905 года – в годы войны такие модели укрепляли и включали в составы бронепоездов; и паровоз ЛВ-0165 1956 года – он стал первым послевоенным грузовым локомотивом в стране.,Посетители также могли увидеть старинные паровозы,Посетители могли увидеть паровоз Ов 324 1905 года и паровоз ЛВ-0165 1956 года.,"В музее были экспонаты: старый паровоз из войны, который помогал войскам, и современный паровоз, первый после войны."
"Новое исследование, проведенное специалистами из Йельского университета, показало, что распространенное мнение о том, что воздействие никотина снижает аппетит, ошибочно.","Новое исследование показало, что никотин не снижает аппетит.","Новое исследование показывает, что никотин не уменьшает голод.",Новое исследование
Информацию об этом опубликовал медицинский портал News-Medical.,Медицинский сайт News-Medical рассказал о случившемся.,Медицинский сайт News-Medical сообщил о этой новости.,Медицинский сайт опубликовал информацию.
Эксперимент проводился на мышах.,Эксперимент был проведен на мышах.,Эксперимент проводили у мышей.,Эксперимент на мышах.
"Оказалось, что предварительное воздействие никотина никаким образом не повлияло на их желание работать за получение еды.","Оказалось, что у этих животных нет связи между впечатлением от никотина и их мотивацией к труду ради еды.","Участники эксперимента хотели работать для получения пищи, несмотря на то, что у них была возможность пользоваться никотином заранее.",Никотин не повлиял на желание людей работать за еду.
"По мнению ученых, большое количество никотина способно подавлять аппетит, но в течение нескольких недель постоянного курения мотивация к еде наоборот возрастает.","Ученые считают, что много никотина может уменьшить голод","Большое количество никотина может сначала немного сбить голод, но после нескольких недель постоянного курения человек начинает снова сильно ощущать чувство голода.",Никотин снижает голод
"Данное исследование показало, что желание человека сбросить лишний вес при помощи курения не только вредит здоровью, но и в конечном итоге является контрпродуктивным.","Новое исследование показывает, что люди, которые пытаются сбросить вес с помощью сигарет, вредят своему здоровью","Новый отчет указывает, что стремление людей потерять лишний вес с помощью сигарет может причинить вред их здоровью",Человек хочет сжечь жир
"По мнению специалистов, курение наоборот может влиять на последующий набор веса.","По словам экспертов, куриение может повлиять на прибавление веса.","Специалисты утверждают, что куриение может привести к увеличению веса.","Специалисты считают, что курить вредно для фигуры"
"По мнению медицинских экспертов, за последние несколько десятилетий температура человеческого тела снижается.","Согласно мнению врачей, в последнее время температура человека стала меньше.","Согласно врачам, человеческая температура падает.",Температура человеческого тела снижается.
"Ученые пока не могут дать однозначного ответа, почему это происходит, пишет РИА Новости.","На данный момент ученые не знают точно, почему это происходит.","Ученые еще не знают, зачем это происходит.",Ученые не знают причин.
"Тем не менее, специалисты не оставляют попыток найти ответ на этот вопрос.","Хотя пока безрезультатно, эксперты продолжают искать решение этой проблемы.",Специалисты все равно пытаются найти ответ на этот вопрос.,Спецам не терять надежды.
"В частности, ученые из Мичиганского университета считают, что в этом виноваты микробы.","Ученые из США думают, что микробы вызывают это явление.","Ученые из Мичиганского университета думают, что микробы вызвали это.","Ученые считают, что виноваты микробы."
Впервые измерять температуру пациентов начал немецкий врач Карл Вундерлих в середине XIX века.,Немецкий врач Карл Вундерлих первым начал измерять температуру пациентов в середине XIX века.,"Первый человек, который мерил температуру у больных, был доктор Карл Вундерлих из Германии.",Первым мерить температуру начал доктор Карл Вундерлих.
"Он провел обширный сбор и анализ данных и пришел к выводу, что нормальная температура тела составляет 37 градусов при измерении во рту и 36,6 при измерении в подмышечной впадине.",Он собрал и проанализировал данные,Он собрал много данных о температуре человеческого тела,Нормальная температура тела - 37 градусов.
"37,5 он принял за верхний порог для здорового человека.","Он определил 37,5 как верхнюю границу для нормального здоровья.","Он считает 37,5 градусов как верхним пределом для нормального человека.","Он считает 37,5 верхним пределом для нормального состояния человека."
Более ста лет врачи полагались на эти нормы.,Более ста лет врачи следовали этим правилам.,Врачи более 100 лет используют эти правила.,Врачи следовали этим правилам сто лет.
"Ученые из Британии провели исследование и отметили, что хлеб из нового вида цельнозерновой муки способен снизить уровень глюкозы в крови (сахара), а также дольше сохраняет чувство сытости.","Результаты исследования показали, что новый вид цельнозерновой муки может помочь снизить уровень сахара в крови","Российские учёные обнаружили, что хлеб сделанный из нового сорта цельнозернового муки может помочь уменьшить потребление сахара и продлить чувство сытости.",Ученые нашли новую муку
"Добиться такого эффекта специалисты смогли, добавив при изготовлении хлеба цельноклеточную нутовую муку.",Специалисты добились интересного результата,"Специалисты создали такой продукт, добавив в хлеб нутовую мукку.","Специалисты сделали вкусный хлеб, добавив в него нутовую муку."
Всего 30% нутовой муки в хлебе способствовало снижению уровня глюкозы в крови на 40% после приёма пищи в сравнении с обычным пшеничным хлебом.,"В хлебе, содержащем 30% нутовой муки, уровень глюкозы в крови снижался на 40% после еды по сравнению со стандартным белым хлебом.",В хлебе есть специальная мука,В хлебе есть небольшая часть нутовой муки
Такой эффект обусловлен падением скорости расщепления крахмала в этой муке в процессе переваривания.,Этот эффект возникает из-за замедления процесса расщепления крахмала при переваривании такой муки.,"Этот продукт таков, потому что скорость, с которой крахмал разрушается при переваривании муки, стала меньше.",Крахмал в муке легко разрушается.
"Исследование показало, что переход на клетчатую смесь нута позволяет улучшить чувство сытости, что должно помочь избегать переедания.",Нутовая клетчать может помочь чувствовать себя полным и меньше переедать.,Переход на еду с лепёшками из куста нут помогает чувствовать себя сытым дольше.,Клетчатая смесь нут улучшает сытость.
"Кроме того, за счет меньшего скачка сахара в крови снижаются риски ожирения и диабета 2 типа.",Также меньше рисковать нужно для развития ожирения и болезни диабета 2 типа,Также меньше рисков быть толстым и иметь сахар в крови.,Меньший скачок сахара в крови помогает избежать ожирения и диабета 2 типа.
"Как сообщили aif.ru в пресс-службе НМИЦ сердечно-сосудистой хирургии им. А.Н. Бакулева Минздрава России, в ближайшее время там начнутся клинические испытания первого отечественного МР-совместимого имплантируемого кардиостимулятора.",В НМИЦ сердечно-сосудистой хирургии им,В НМИЦ сердечно-сосудистой хирургии им,В НМИЦ скоро начнут клинические испытания нового отечественного кардиостимулятора.
"Исследователи заявляют, что потребление большого количества соли вредит не только кровяному давлению и сердечно-сосудистой системе, но и может негативно влиять на иммунную систему.","Исследователи говорят, что много ешь соли – это вредно","Ученые говорят, что много соли вредно","Консультанты утверждают, что много соли вредно"
Результаты исследования опубликованы в журнале Science.,Результаты исследования были опубликованы в журнале Science.,"Результаты исследования можно найти в журнале ""Science"".",Результаты исследования - в журнале Science.
"Международная исследовательская группа выяснила, что соль может нарушать работу ключевых иммунных регуляторов, называемых регуляторными Т-клетками, нарушая их энергетический обмен.",Российские учёные установили связь между натрием хлорида (солью) и работой нашего иммунитета,"Группа ученых обнаружила, что соль может мешать работе важных защитных клеток в организме.",Соль может повлиять на иммунную систему человека.
Полученные результаты могут открыть новые возможности для изучения развития аутоиммунных и сердечно-сосудистых заболеваний.,Результаты этой работы могут помочь в поиске новых способов изучать развитие опасных болезней.,Результаты исследования могут помочь найти новую информацию о болезнях иммунной и кровеносной системы.,Результаты исследования могут помочь найти причины болезней сердца и иммунной системы.
"Выяснилось, что слишком много соли в нашем рационе может негативно повлиять на метаболизм и энергетический баланс в определенных типах врожденных иммунных клеток, называемых моноцитами и макрофагами, и помешать им работать должным образом.","Нам стало известно, что большое количество соли в нашем рационе может быть вредным для метаболизма и энергетического баланса",Много соли может быть вредно для некоторых людей,Много соли вредно.
"Исследователи также показали, что соль вызывает сбои в работе митохондрий, энергетических установок наших клеток.","В исследованиях также было обнаружено, что соль может повлиять на работу митохондрий в нашем организме",Расследователи нашли вредную силу у соли,Соль плохо для клеток.
"Вдохновленные этими выводами, исследовательские группы задались вопросом, может ли чрезмерное потребление соли также создавать аналогичную проблему в адаптивных иммунных клетках, таких как регуляторные Т-клетки.","Результаты исследования показали, что высокое потребление соли может вызвать проблемы","Исследователи задумались о том, может ли много соли повлиять и на другие защитные клетки нашего тела.",Исследователи спросили: вредно ли много соли?
В процессе реставрации древней Великой пирамиды Чолула найден неизвестный артефакт.,"Пока работали люди над восстановлением древнего сооружения в Чолула, они нашли необычную вещь.",Во время реставрации древнего сооружения в Мексике обнаружили старинный предмет.,"В процессе реставрации пиramids, был найден незнакомый предмет."
Эта важная неожиданная находка может раскрыть тайну создания археологического комплекса и подобных ему монументальных сооружений.,Эта интересная находка поможет разобраться в создании древнего комплекса и других похожих величественных сооружений.,Это интересное открытие может помочь разобраться в истории creation большого древнего комплекса.,Важная находка.
"Об этом говорится в отчете INAH, о чем сообщает «Российская газета».","В отчете INAH говорится об интересной информации, которая сообщается ""Российской газетой"".",В отчете Мексиканского национального института антропологии (INAH) упоминается..,"В отчете INAH говорится, что..."
"В ходе спасательной миссии, задачей которой было укрепление пирамиды Чолула в Мексике, на ее восточной стене реставраторы обнаружили крупную часть строительного глинобитного материала.","В ходе спасательной миссии реставраторы нашли большую часть глины, используемого при постройке пирамиды Чолула в Мексике.","В рамках спасательной операции, целью которой было улучшить состояние пирамиды Чолула в Мексике, на одной из стен реставроры нашли большую часть кирпича.",Спасатели нашли глину.
"После изучения фрагмента оказалось, что находка является недостающим куском пятой ступени пирамиды, который считался утерянным навсегда.","После изучения фрагмента, обнаружилось, что это частичка потерянной части пятипилонной пирамиды.","Найденный фрагмент - часть 5-й ступени пиramids, которая долгое время считалась потерянной.","После изучения, оказалось, что это часть большой пирамиды."
Артефакт датируется концом периода майя (между 100 и 600 годами нашей эры).,Артефакт относится к временам падения цивилизации майя,Артефакт относится к конце времени майя (100-600 года нашей эры).,Артефакт - старина
"Находка свидетельствует о процессе строительства, использовавшегося жителями того времени для расширения своего главного памятника.",Строительство было видно в Находке,Строительство было важным событием в жизни местных жителей.,Строительство было начато.
"Кандидат физико-математических наук, геофизик, сейсмолог Анна Люсина в беседе с РБК оценила угрозу от сдвига Аравийской плиты при землетрясении в Турции.","Анна Люсина, кандидат наук по физико-математическим наукам и геофизик сейсмолог, оценила угрозу от сдвига Аравийской плиты при землетрясении в Турции.","Физик и сейсмолог Анна Люсина говорит, что сдвиг Аравийской плиты - потенциальная опасность.",Физико-математический ученый Анна Люсина
"По оценке эксперта, сейсмическая активность из-за смещения Аравийской плиты от Анатолийской (расположенной на территории Турции) на три метра распространится и на другие части плиты.","Эксперт считает, что сейсмическая деятельность увеличится из-за перемещения тектонической плиты","Эксперт сказал, что сейсмическая деятельность увеличится",Смещение плит вызывает землетрясения.
«Произошел сброс напряжения на одной части плиты.,"""На части платы произошел сбой в работе электричества.""","""На части плиты произошел спад напряжения.""",Сбросилась часть напряжения.
"И, соответственно, вся плита стала активной», – заявила Люсина, пояснив, что перераспределения напряжений могут привести к новым землетрясениям на довольно удаленных территориях.",Люсина сказала: «Вся плита стала активной,"Люсина сказала: ""И вся плита стала активной",Плиты земли стали активными
"Ранее президент Национального института геофизики и вулканологии Италии (INGV) Карло Дольони в интервью газете Corriere della Sera сообщил, что из-за мощного землетрясения в Турции литосферные плиты сдвинулись примерно на три метра.","Ранее президент итальянского геофизического института Карло Дольони сказал, что после сильного землетрясения в Турции две большой земной тарелки сдвинулись примерно на 3 метра.","В прошлом президент Италии по геофизике и вулканологии Карло Дольони сказал, что сильное землетрясение в Турции сделало литосферные плиты сдвинуться на примерно 3 метра.",Ранее произошло сильное землетрясение
"Во время операции врачи извлекли 39 металлических и пластмассовых ножей, вилок, ложек и даже зажигалок из живота 30-летнего ливанца.",Во время операции из живота 30-летнего ливанца вынули 39 металлических и пластмассовых столовых приборов и зажигалки.,"Врачам удалось найти 39 металлических и пластмассовых предметов (ножи, вилки, ложки) и одну зажигалку.",Врачами изъято 39 кусков металла и пластика
"По словам одного из хирургов, этот пациент попал в больницу с приступом удушья, после того как пытался проглотить кусок шланга.",Пациент был доставлен в больницу с дыхательной проблемой,"Пациент попал в больницу потому, что у него был приступ удушья",Пациент попал в больницу с удушьем.
"Выяснилось, что все эти предметы пациент проглотил в течение года.",Пациент проглотил эти предметы за год.,Пациент съел эти предметы за год.,Пациент съел это весь год.
"При этом никто не знал о его своеобразном хобби, сообщает Reuters.",Nobody knew about его своеобразное хобби.,Никто не знал об интересе человека к его уникальной деятельности.,Его хобби было неизвестно.
